group,users,impressions,clicks,conversions,revenue,ctr,cvr,post_click_cvr,arpu
control,29856,29856,3902,762,35502.62,0.13069399785637728,0.02552250803858521,0.19528446950281908,1.189128483386924
treatment,30064,30064,4217,966,45561.51,0.14026742948376797,0.03213145290047898,0.22907280056912496,1.5154839675359235
