metric,control_rate,treatment_rate,absolute_lift,relative_lift,chi_square,p_value,significant_at_0.05
CTR,0.13069399785637728,0.14026742948376797,0.009573431627390688,0.0732507367163957,11.720463433478388,0.0006181655841187082,True
CVR,0.02552250803858521,0.03213145290047898,0.00660894486189377,0.2589457451400268,23.36186042055421,1.3421339872675214e-06,True
